transaction_id,date,vendor_name,role_level,hours,hourly_rate,total_amount,invoice_ref,description
SYN-0001,2026-03-01,Apex Consulting,Engineer,20,150,3000,INV-SYN-0001,Work package 0001
SYN-0002,2026-03-02,DataFlow Inc,Engineer,21,175,3675,INV-SYN-0002,Work package 0002
SYN-0003,2026-03-03,NetSecure Solutions,Analyst,22,190,4180,INV-SYN-0003,Work package 0003
SYN-0004,2026-03-04,CloudBase Partners,Engineer,23,165,3795,INV-SYN-0004,Work package 0004
SYN-0005,2026-03-05,Apex Consulting,Engineer,24,150,3600,INV-SYN-0005,Work package 0005
SYN-0006,2026-03-06,DataFlow Inc,Engineer,25,175,4375,INV-SYN-0006,Work package 0006
SYN-0007,2026-03-07,NetSecure Solutions,Analyst,26,190,4940,INV-SYN-0007,Work package 0007
SYN-0008,2026-03-08,CloudBase Partners,Engineer,20,165,3300,INV-SYN-0008,Work package 0008
SYN-0009,2026-03-09,Apex Consulting,Engineer,21,150,3150,INV-SYN-0009,Work package 0009
SYN-0010,2026-03-10,DataFlow Inc,Engineer,22,175,3850,INV-SYN-0010,Work package 0010
SYN-0011,2026-03-11,NetSecure Solutions,Analyst,23,190,4370,INV-SYN-0011,Work package 0011
SYN-0012,2026-03-12,CloudBase Partners,Engineer,24,165,3960,INV-SYN-0012,Work package 0012
SYN-0013,2026-03-13,Apex Consulting,Engineer,25,150,3750,INV-SYN-0013,Work package 0013
SYN-0014,2026-03-14,DataFlow Inc,Engineer,26,175,4550,INV-SYN-0014,Work package 0014
SYN-0015,2026-03-15,NetSecure Solutions,Analyst,20,190,3800,INV-SYN-0015,Work package 0015
SYN-0016,2026-03-16,CloudBase Partners,Engineer,21,165,3465,INV-SYN-0016,Work package 0016
SYN-0017,2026-03-17,Apex Consulting,Engineer,22,150,3300,INV-SYN-0017,Work package 0017
SYN-0018,2026-03-18,DataFlow Inc,Engineer,23,175,4025,INV-SYN-0018,Work package 0018
SYN-0019,2026-03-19,NetSecure Solutions,Analyst,24,190,4560,INV-SYN-0019,Work package 0019
SYN-0020,2026-03-20,CloudBase Partners,Engineer,25,165,4125,INV-SYN-0020,Work package 0020
SYN-0021,2026-03-21,Apex Consulting,Engineer,26,150,3900,INV-SYN-0021,Work package 0021
SYN-0022,2026-03-22,DataFlow Inc,Engineer,20,175,3500,INV-SYN-0022,Work package 0022
SYN-0023,2026-03-23,NetSecure Solutions,Analyst,21,190,3990,INV-SYN-0023,Work package 0023
SYN-0024,2026-03-24,CloudBase Partners,Engineer,22,165,3630,INV-SYN-0024,Work package 0024
SYN-0025,2026-03-25,Apex Consulting,Engineer,23,150,3450,INV-SYN-0025,Work package 0025
SYN-0026,2026-03-26,DataFlow Inc,Engineer,24,175,4200,INV-SYN-0026,Work package 0026
SYN-0027,2026-03-27,NetSecure Solutions,Analyst,25,190,4750,INV-SYN-0027,Work package 0027
SYN-0028,2026-03-28,CloudBase Partners,Engineer,26,165,4290,INV-SYN-0028,Work package 0028
SYN-0029,2026-03-01,Apex Consulting,Engineer,20,150,3000,INV-SYN-0029,Work package 0029
SYN-0030,2026-03-02,DataFlow Inc,Engineer,21,175,3675,INV-SYN-0030,Work package 0030
SYN-0031,2026-03-03,NetSecure Solutions,Analyst,22,190,4180,INV-SYN-0031,Work package 0031
SYN-0032,2026-03-04,CloudBase Partners,Engineer,23,165,3795,INV-SYN-0032,Work package 0032
SYN-0033,2026-03-05,Apex Consulting,Engineer,24,150,3600,INV-SYN-0033,Work package 0033
SYN-0034,2026-03-06,DataFlow Inc,Engineer,25,175,4375,INV-SYN-0034,Work package 0034
SYN-0035,2026-03-07,NetSecure Solutions,Analyst,26,190,4940,INV-SYN-0035,Work package 0035
SYN-0036,2026-03-08,CloudBase Partners,Engineer,20,165,3300,INV-SYN-0036,Work package 0036
SYN-0037,2026-03-09,Apex Consulting,Engineer,21,150,3150,INV-SYN-0037,Work package 0037
SYN-0038,2026-03-10,DataFlow Inc,Engineer,22,175,3850,INV-SYN-0038,Work package 0038
SYN-0039,2026-03-11,NetSecure Solutions,Analyst,23,190,4370,INV-SYN-0039,Work package 0039
SYN-0040,2026-03-12,CloudBase Partners,Engineer,24,165,3960,INV-SYN-0040,Work package 0040
SYN-0041,2026-03-13,Apex Consulting,Engineer,25,180,4500,INV-SYN-0041,Work package 0041
SYN-0042,2026-03-14,DataFlow Inc,Engineer,26,175,4550,INV-SYN-0042,Work package 0042
SYN-0043,2026-03-15,NetSecure Solutions,Analyst,20,190,3800,INV-SYN-0043,Work package 0043
SYN-0044,2026-03-16,CloudBase Partners,Engineer,21,165,3465,INV-SYN-0044,Work package 0044
SYN-0045,2026-03-17,Apex Consulting,Engineer,22,150,3300,INV-SYN-0045,Work package 0045
SYN-0046,2026-03-18,DataFlow Inc,Engineer,23,175,4025,INV-SYN-0046,Work package 0046
SYN-0047,2026-03-19,NetSecure Solutions,Analyst,24,190,4560,INV-SYN-0047,Work package 0047
SYN-0048,2026-03-20,CloudBase Partners,Engineer,25,165,4125,INV-SYN-0048,Work package 0048
SYN-0049,2026-03-21,Apex Consulting,Engineer,26,150,3900,INV-SYN-0049,Work package 0049
SYN-0050,2026-03-22,DataFlow Inc,Engineer,20,175,3500,INV-SYN-0050,Work package 0050
SYN-0051,2026-03-23,NetSecure Solutions,Analyst,21,190,3990,INV-SYN-0051,Work package 0051
SYN-0052,2026-03-24,CloudBase Partners,Engineer,22,165,3630,INV-SYN-0052,Work package 0052
SYN-0053,2026-03-25,Apex Consulting,Engineer,23,150,3450,INV-SYN-0053,Work package 0053
SYN-0054,2026-03-26,DataFlow Inc,Engineer,24,175,4200,INV-SYN-0054,Work package 0054
SYN-0055,2026-03-27,NetSecure Solutions,Analyst,25,190,4750,INV-SYN-0055,Work package 0055
SYN-0056,2026-03-28,CloudBase Partners,Engineer,26,165,4290,INV-SYN-0056,Work package 0056
SYN-0057,2026-03-01,Apex Consulting,Engineer,20,150,3000,INV-SYN-0057,Work package 0057
SYN-0058,2026-03-02,DataFlow Inc,Engineer,21,175,3675,INV-SYN-0058,Work package 0058
SYN-0059,2026-03-03,NetSecure Solutions,Analyst,22,190,4180,INV-SYN-0059,Work package 0059
SYN-0060,2026-03-04,CloudBase Partners,Engineer,23,165,3795,INV-SYN-0060,Work package 0060
SYN-0061,2026-03-05,Apex Consulting,Engineer,24,150,3600,INV-SYN-0061,Work package 0061
SYN-0062,2026-03-06,DataFlow Inc,Engineer,25,175,4375,INV-SYN-0062,Work package 0062
SYN-0063,2026-03-07,NetSecure Solutions,Analyst,26,190,4940,INV-SYN-0063,Work package 0063
SYN-0064,2026-03-08,CloudBase Partners,Engineer,20,165,3300,INV-SYN-0064,Work package 0064
SYN-0065,2026-03-09,Apex Consulting,Engineer,21,150,3150,INV-SYN-0065,Work package 0065
SYN-0066,2026-03-10,DataFlow Inc,Engineer,22,175,3850,INV-SYN-0066,Work package 0066
SYN-0067,2026-03-11,NetSecure Solutions,Analyst,23,190,4370,INV-SYN-0067,Work package 0067
SYN-0068,2026-03-12,CloudBase Partners,Engineer,24,165,3960,INV-SYN-0068,Work package 0068
SYN-0069,2026-03-13,Apex Consulting,Engineer,25,150,3750,INV-SYN-0069,Work package 0069
SYN-0070,2026-03-14,DataFlow Inc,Engineer,26,175,4550,INV-SYN-0070,Work package 0070
SYN-0071,2026-03-15,NetSecure Solutions,Analyst,20,190,3800,INV-SYN-0071,Work package 0071
SYN-0072,2026-03-16,CloudBase Partners,Engineer,21,165,3465,INV-SYN-0072,Work package 0072
SYN-0073,2026-03-17,Apex Consulting,Engineer,22,150,3300,INV-SYN-0073,Work package 0073
SYN-0074,2026-03-18,DataFlow Inc,Engineer,23,175,4025,INV-SYN-0074,Work package 0074
SYN-0075,2026-03-19,NetSecure Solutions,Analyst,24,190,4560,INV-SYN-0075,Work package 0075
SYN-0076,2026-03-20,CloudBase Partners,Engineer,25,165,4125,INV-SYN-0076,Work package 0076
SYN-0077,2026-03-21,Apex Consulting,Engineer,26,150,3900,INV-SYN-0077,Work package 0077
SYN-0078,2026-03-22,DataFlow Inc,Engineer,20,175,3500,INV-SYN-0078,Work package 0078
SYN-0079,2026-03-23,NetSecure Solutions,Analyst,21,190,3990,INV-SYN-0079,Work package 0079
SYN-0080,2026-03-24,CloudBase Partners,Engineer,22,165,3630,INV-SYN-0080,Work package 0080
SYN-0081,2026-03-25,Apex Consulting,Engineer,23,180,4140,INV-SYN-0081,Work package 0081
SYN-0082,2026-03-26,DataFlow Inc,Engineer,24,175,4200,INV-SYN-0082,Work package 0082
SYN-0083,2026-03-27,NetSecure Solutions,Analyst,25,190,4750,INV-SYN-0083,Work package 0083
SYN-0084,2026-03-28,CloudBase Partners,Engineer,26,165,4290,INV-SYN-0084,Work package 0084
SYN-0085,2026-03-01,Apex Consulting,Engineer,20,150,3000,INV-SYN-0085,Work package 0085
SYN-0086,2026-03-02,DataFlow Inc,Engineer,21,175,3675,INV-SYN-0086,Work package 0086
SYN-0087,2026-03-03,NetSecure Solutions,Analyst,22,190,4180,INV-SYN-0087,Work package 0087
SYN-0088,2026-03-04,CloudBase Partners,Engineer,23,165,3795,INV-SYN-0088,Work package 0088
SYN-0089,2026-03-05,Apex Consulting,Engineer,24,150,3600,INV-SYN-0089,Work package 0089
SYN-0090,2026-03-06,DataFlow Inc,Engineer,25,175,4375,INV-SYN-0090,Work package 0090
SYN-0091,2026-03-07,NetSecure Solutions,Analyst,26,190,4940,INV-SYN-0091,Work package 0091
SYN-0092,2026-03-08,CloudBase Partners,Engineer,20,165,3300,INV-SYN-0092,Work package 0092
SYN-0093,2026-03-09,Apex Consulting,Engineer,21,150,3150,INV-SYN-0093,Work package 0093
SYN-0094,2026-03-10,DataFlow Inc,Engineer,22,175,3850,INV-SYN-0094,Work package 0094
SYN-0095,2026-03-11,NetSecure Solutions,Analyst,23,190,4370,INV-SYN-0095,Work package 0095
SYN-0096,2026-03-12,CloudBase Partners,Engineer,24,165,3960,INV-SYN-0096,Work package 0096
SYN-0097,2026-03-13,Apex Consulting,Engineer,25,150,3750,INV-SYN-0097,Work package 0097
SYN-0098,2026-03-14,DataFlow Inc,Engineer,26,175,4550,INV-SYN-0098,Work package 0098
SYN-0099,2026-03-15,NetSecure Solutions,Analyst,20,190,3800,INV-SYN-0099,Work package 0099
SYN-0100,2026-03-16,CloudBase Partners,Engineer,21,165,3465,INV-SYN-0100,Work package 0100
SYN-0101,2026-03-17,Apex Consulting,Engineer,22,150,3300,INV-SYN-0101,Work package 0101
SYN-0102,2026-03-18,DataFlow Inc,Engineer,23,175,4025,INV-SYN-0102,Work package 0102
SYN-0103,2026-03-19,NetSecure Solutions,Analyst,24,190,4560,INV-SYN-0103,Work package 0103
SYN-0104,2026-03-20,CloudBase Partners,Engineer,25,165,4125,INV-SYN-0104,Work package 0104
SYN-0105,2026-03-21,Apex Consulting,Engineer,26,150,3900,INV-SYN-0105,Work package 0105
SYN-0106,2026-03-22,DataFlow Inc,Engineer,20,175,3500,INV-SYN-0106,Work package 0106
SYN-0107,2026-03-23,NetSecure Solutions,Analyst,21,190,3990,INV-SYN-0107,Work package 0107
SYN-0108,2026-03-24,CloudBase Partners,Engineer,22,165,3630,INV-SYN-0108,Work package 0108
SYN-0109,2026-03-25,Apex Consulting,Engineer,23,150,3450,INV-SYN-0109,Work package 0109
SYN-0110,2026-03-26,DataFlow Inc,Engineer,24,175,4200,INV-SYN-0110,Work package 0110
SYN-0111,2026-03-27,NetSecure Solutions,Analyst,25,190,4750,INV-SYN-0111,Work package 0111
SYN-0112,2026-03-28,CloudBase Partners,Engineer,26,165,4290,INV-SYN-0112,Work package 0112
SYN-0113,2026-03-01,Apex Consulting,Engineer,20,150,3000,INV-SYN-0113,Work package 0113
SYN-0114,2026-03-02,DataFlow Inc,Engineer,21,175,3675,INV-SYN-0114,Work package 0114
SYN-0115,2026-03-03,NetSecure Solutions,Analyst,22,190,4180,INV-SYN-0115,Work package 0115
SYN-0116,2026-03-04,CloudBase Partners,Engineer,23,165,3795,INV-SYN-0116,Work package 0116
SYN-0117,2026-03-05,Apex Consulting,Engineer,24,150,3600,INV-SYN-0117,Work package 0117
SYN-0118,2026-03-06,DataFlow Inc,Engineer,25,175,4375,INV-SYN-0118,Work package 0118
SYN-0119,2026-03-07,NetSecure Solutions,Analyst,26,190,4940,INV-SYN-0119,Work package 0119
SYN-0120,2026-03-08,CloudBase Partners,Engineer,20,165,3300,INV-SYN-0120,Work package 0120
SYN-0121,2026-03-09,Apex Consulting,Engineer,21,180,3780,INV-SYN-0121,Work package 0121
SYN-0122,2026-03-10,DataFlow Inc,Engineer,22,175,3850,INV-SYN-0122,Work package 0122
SYN-0123,2026-03-11,NetSecure Solutions,Analyst,23,190,4370,INV-SYN-0123,Work package 0123
SYN-0124,2026-03-12,CloudBase Partners,Engineer,24,165,3960,INV-SYN-0124,Work package 0124
SYN-0125,2026-03-13,Apex Consulting,Engineer,25,150,3750,INV-SYN-0125,Work package 0125
SYN-0126,2026-03-14,DataFlow Inc,Engineer,26,175,4550,INV-SYN-0126,Work package 0126
SYN-0127,2026-03-15,NetSecure Solutions,Analyst,20,190,3800,INV-SYN-0127,Work package 0127
SYN-0128,2026-03-16,CloudBase Partners,Engineer,21,165,3465,INV-SYN-0128,Work package 0128
SYN-0129,2026-03-17,Apex Consulting,Engineer,22,150,3300,INV-SYN-0129,Work package 0129
SYN-0130,2026-03-18,DataFlow Inc,Engineer,23,175,4025,INV-SYN-0130,Work package 0130
SYN-0131,2026-03-19,NetSecure Solutions,Analyst,24,190,4560,INV-SYN-0131,Work package 0131
SYN-0132,2026-03-20,CloudBase Partners,Engineer,25,165,4125,INV-SYN-0132,Work package 0132
SYN-0133,2026-03-21,Apex Consulting,Engineer,26,150,3900,INV-SYN-0133,Work package 0133
SYN-0134,2026-03-22,DataFlow Inc,Engineer,20,175,3500,INV-SYN-0134,Work package 0134
SYN-0135,2026-03-23,NetSecure Solutions,Analyst,21,190,3990,INV-SYN-0135,Work package 0135
SYN-0136,2026-03-24,CloudBase Partners,Engineer,22,165,3630,INV-SYN-0136,Work package 0136
SYN-0137,2026-03-25,Apex Consulting,Engineer,23,150,3450,INV-SYN-0137,Work package 0137
SYN-0138,2026-03-26,DataFlow Inc,Engineer,24,175,4200,INV-SYN-0138,Work package 0138
SYN-0139,2026-03-27,NetSecure Solutions,Analyst,25,190,4750,INV-SYN-0139,Work package 0139
SYN-0140,2026-03-28,CloudBase Partners,Engineer,26,165,4290,INV-SYN-0140,Work package 0140
SYN-0141,2026-03-01,Apex Consulting,Engineer,20,150,3000,INV-SYN-0141,Work package 0141
SYN-0142,2026-03-02,DataFlow Inc,Engineer,21,175,3675,INV-SYN-0142,Work package 0142
SYN-0143,2026-03-03,NetSecure Solutions,Analyst,22,190,4180,INV-SYN-0143,Work package 0143
SYN-0144,2026-03-04,CloudBase Partners,Engineer,23,165,3795,INV-SYN-0144,Work package 0144
SYN-0145,2026-03-05,Apex Consulting,Engineer,24,150,3600,INV-SYN-0145,Work package 0145
SYN-0146,2026-03-06,DataFlow Inc,Engineer,25,175,4375,INV-SYN-0146,Work package 0146
SYN-0147,2026-03-07,NetSecure Solutions,Analyst,26,190,4940,INV-SYN-0147,Work package 0147
SYN-0148,2026-03-08,CloudBase Partners,Engineer,20,165,3300,INV-SYN-0148,Work package 0148
SYN-0149,2026-03-09,Apex Consulting,Engineer,21,150,3150,INV-SYN-0149,Work package 0149
SYN-0150,2026-03-10,DataFlow Inc,Engineer,22,175,3850,INV-SYN-0150,Work package 0150
SYN-0151,2026-03-11,NetSecure Solutions,Analyst,23,190,4370,INV-SYN-0151,Work package 0151
SYN-0152,2026-03-12,CloudBase Partners,Engineer,24,165,3960,INV-SYN-0152,Work package 0152
SYN-0153,2026-03-13,Apex Consulting,Engineer,25,150,3750,INV-SYN-0153,Work package 0153
SYN-0154,2026-03-14,DataFlow Inc,Engineer,26,175,4550,INV-SYN-0154,Work package 0154
SYN-0155,2026-03-15,NetSecure Solutions,Analyst,20,190,3800,INV-SYN-0155,Work package 0155
SYN-0156,2026-03-16,CloudBase Partners,Engineer,21,165,3465,INV-SYN-0156,Work package 0156
SYN-0157,2026-03-17,Apex Consulting,Engineer,22,150,3300,INV-SYN-0157,Work package 0157
SYN-0158,2026-03-18,DataFlow Inc,Engineer,23,175,4025,INV-SYN-0158,Work package 0158
SYN-0159,2026-03-19,NetSecure Solutions,Analyst,24,190,4560,INV-SYN-0159,Work package 0159
SYN-0160,2026-03-20,CloudBase Partners,Engineer,25,165,4125,INV-SYN-0160,Work package 0160
SYN-0161,2026-03-21,Apex Consulting,Engineer,26,180,4680,INV-SYN-0161,Work package 0161
SYN-0162,2026-03-22,DataFlow Inc,Engineer,20,175,3500,INV-SYN-0162,Work package 0162
SYN-0163,2026-03-23,NetSecure Solutions,Analyst,21,190,3990,INV-SYN-0163,Work package 0163
SYN-0164,2026-03-24,CloudBase Partners,Engineer,22,165,3630,INV-SYN-0164,Work package 0164
SYN-0165,2026-03-25,Apex Consulting,Engineer,23,150,3450,INV-SYN-0165,Work package 0165
SYN-0166,2026-03-26,DataFlow Inc,Engineer,24,175,4200,INV-SYN-0166,Work package 0166
SYN-0167,2026-03-27,NetSecure Solutions,Analyst,25,190,4750,INV-SYN-0167,Work package 0167
SYN-0168,2026-03-28,CloudBase Partners,Engineer,26,165,4290,INV-SYN-0168,Work package 0168
SYN-0169,2026-03-01,Apex Consulting,Engineer,20,150,3000,INV-SYN-0169,Work package 0169
SYN-0170,2026-03-02,DataFlow Inc,Engineer,21,175,3675,INV-SYN-0170,Work package 0170
SYN-0171,2026-03-03,NetSecure Solutions,Analyst,22,190,4180,INV-SYN-0171,Work package 0171
SYN-0172,2026-03-04,CloudBase Partners,Engineer,23,165,3795,INV-SYN-0172,Work package 0172
SYN-0173,2026-03-05,Apex Consulting,Engineer,24,150,3600,INV-SYN-0173,Work package 0173
SYN-0174,2026-03-06,DataFlow Inc,Engineer,25,175,4375,INV-SYN-0174,Work package 0174
SYN-0175,2026-03-07,NetSecure Solutions,Analyst,26,190,4940,INV-SYN-0175,Work package 0175
SYN-0176,2026-03-08,CloudBase Partners,Engineer,20,165,3300,INV-SYN-0176,Work package 0176
SYN-0177,2026-03-09,Apex Consulting,Engineer,21,150,3150,INV-SYN-0177,Work package 0177
SYN-0178,2026-03-10,DataFlow Inc,Engineer,22,175,3850,INV-SYN-0178,Work package 0178
SYN-0179,2026-03-11,NetSecure Solutions,Analyst,23,190,4370,INV-SYN-0179,Work package 0179
SYN-0180,2026-03-12,CloudBase Partners,Engineer,24,165,3960,INV-SYN-0180,Work package 0180
SYN-0181,2026-03-13,Apex Consulting,Engineer,25,150,3750,INV-SYN-0181,Work package 0181
SYN-0182,2026-03-14,DataFlow Inc,Engineer,26,175,4550,INV-SYN-0182,Work package 0182
SYN-0183,2026-03-15,NetSecure Solutions,Analyst,20,190,3800,INV-SYN-0183,Work package 0183
SYN-0184,2026-03-16,CloudBase Partners,Engineer,21,165,3465,INV-SYN-0184,Work package 0184
SYN-0185,2026-03-17,Apex Consulting,Engineer,22,150,3300,INV-SYN-0185,Work package 0185
SYN-0186,2026-03-18,DataFlow Inc,Engineer,23,175,4025,INV-SYN-0186,Work package 0186
SYN-0187,2026-03-19,NetSecure Solutions,Analyst,24,190,4560,INV-SYN-0187,Work package 0187
SYN-0188,2026-03-20,CloudBase Partners,Engineer,25,165,4125,INV-SYN-0188,Work package 0188
SYN-0189,2026-03-21,Apex Consulting,Engineer,26,150,3900,INV-SYN-0189,Work package 0189
SYN-0190,2026-03-22,DataFlow Inc,Engineer,20,175,3500,INV-SYN-0190,Work package 0190
SYN-0191,2026-03-23,NetSecure Solutions,Analyst,21,190,3990,INV-SYN-0191,Work package 0191
SYN-0192,2026-03-24,CloudBase Partners,Engineer,22,165,3630,INV-SYN-0192,Work package 0192
SYN-0193,2026-03-25,Apex Consulting,Engineer,23,150,3450,INV-SYN-0193,Work package 0193
SYN-0194,2026-03-26,DataFlow Inc,Engineer,24,175,4200,INV-SYN-0194,Work package 0194
SYN-0195,2026-03-27,NetSecure Solutions,Analyst,25,190,4750,INV-SYN-0195,Work package 0195
SYN-0196,2026-03-28,CloudBase Partners,Engineer,26,165,4290,INV-SYN-0196,Work package 0196
SYN-0197,2026-03-01,Apex Consulting,Engineer,20,150,3000,INV-SYN-0197,Work package 0197
SYN-0198,2026-03-02,DataFlow Inc,Engineer,21,175,3675,INV-SYN-0198,Work package 0198
SYN-0199,2026-03-03,NetSecure Solutions,Analyst,22,190,4180,INV-SYN-0199,Work package 0199
SYN-0200,2026-03-04,CloudBase Partners,Engineer,23,165,3795,INV-SYN-0200,Work package 0200
SYN-0201,2026-03-05,Apex Consulting,Engineer,24,180,4320,INV-SYN-0201,Work package 0201
SYN-0202,2026-03-06,DataFlow Inc,Engineer,25,175,4375,INV-SYN-0202,Work package 0202
SYN-0203,2026-03-07,NetSecure Solutions,Analyst,26,190,4940,INV-SYN-0203,Work package 0203
SYN-0204,2026-03-08,CloudBase Partners,Engineer,20,165,3300,INV-SYN-0204,Work package 0204
SYN-0205,2026-03-09,Apex Consulting,Engineer,21,150,3150,INV-SYN-0205,Work package 0205
SYN-0206,2026-03-10,DataFlow Inc,Engineer,22,175,3850,INV-SYN-0206,Work package 0206
SYN-0207,2026-03-11,NetSecure Solutions,Analyst,23,190,4370,INV-SYN-0207,Work package 0207
SYN-0208,2026-03-12,CloudBase Partners,Engineer,24,165,3960,INV-SYN-0208,Work package 0208
SYN-0209,2026-03-13,Apex Consulting,Engineer,25,150,3750,INV-SYN-0209,Work package 0209
SYN-0210,2026-03-14,DataFlow Inc,Engineer,26,175,4550,INV-SYN-0210,Work package 0210
SYN-0211,2026-03-15,Apex Consulting,Engineer,20,150,3000,INV-SYN-0211,Work package 0001
SYN-0212,2026-03-16,CloudBase Partners,Engineer,21,165,3465,INV-SYN-0212,Work package 0212
SYN-0213,2026-03-17,Apex Consulting,Engineer,22,150,3300,INV-SYN-0213,Work package 0213
SYN-0214,2026-03-18,DataFlow Inc,Engineer,23,175,4025,INV-SYN-0214,Work package 0214
SYN-0215,2026-03-19,NetSecure Solutions,Analyst,24,190,4560,INV-SYN-0215,Work package 0215
SYN-0216,2026-03-20,CloudBase Partners,Engineer,25,165,4125,INV-SYN-0216,Work package 0216
SYN-0217,2026-03-21,Apex Consulting,Engineer,26,150,3900,INV-SYN-0217,Work package 0217
SYN-0218,2026-03-22,DataFlow Inc,Engineer,20,175,3500,INV-SYN-0218,Work package 0218
SYN-0219,2026-03-23,NetSecure Solutions,Analyst,21,190,3990,INV-SYN-0219,Work package 0219
SYN-0220,2026-03-24,CloudBase Partners,Engineer,22,165,3630,INV-SYN-0220,Work package 0220
SYN-0221,2026-03-25,Apex Consulting,Engineer,450,150,67500,INV-SYN-0221,Work package 0221
SYN-0222,2026-03-26,DataFlow Inc,Engineer,24,175,4200,INV-SYN-0222,Work package 0222
SYN-0223,2026-03-27,NetSecure Solutions,Analyst,25,190,4750,INV-SYN-0223,Work package 0223
SYN-0224,2026-03-28,CloudBase Partners,Engineer,26,165,4290,INV-SYN-0224,Work package 0224
SYN-0225,2026-03-01,Apex Consulting,Engineer,20,150,3000,INV-SYN-0225,Work package 0225
SYN-0226,2026-03-02,DataFlow Inc,Engineer,21,175,3675,INV-SYN-0226,Work package 0226
SYN-0227,2026-03-03,NetSecure Solutions,Analyst,22,190,4180,INV-SYN-0227,Work package 0227
SYN-0228,2026-03-04,CloudBase Partners,Engineer,23,165,3795,INV-SYN-0228,Work package 0228
SYN-0229,2026-03-05,Apex Consulting,Engineer,24,150,3600,INV-SYN-0229,Work package 0229
SYN-0230,2026-03-06,DataFlow Inc,Engineer,25,175,4375,INV-SYN-0230,Work package 0230
SYN-0231,2026-03-07,NetSecure Solutions,Analyst,26,228,5928,INV-SYN-0231,Work package 0231
SYN-0232,2026-03-08,CloudBase Partners,Engineer,20,165,3300,INV-SYN-0232,Work package 0232
SYN-0233,2026-03-09,Apex Consulting,Engineer,21,150,3150,INV-SYN-0233,Work package 0233
SYN-0234,2026-03-10,DataFlow Inc,Engineer,22,175,3850,INV-SYN-0234,Work package 0234
SYN-0235,2026-03-11,NetSecure Solutions,Analyst,23,190,4370,INV-SYN-0235,Work package 0235
SYN-0236,2026-03-12,CloudBase Partners,Engineer,24,165,3960,INV-SYN-0236,Work package 0236
SYN-0237,2026-03-13,Apex Consulting,Engineer,25,150,3750,INV-SYN-0237,Work package 0237
SYN-0238,2026-03-14,DataFlow Inc,Engineer,26,175,4550,INV-SYN-0238,Work package 0238
SYN-0239,2026-03-15,NetSecure Solutions,Analyst,20,190,3800,INV-SYN-0239,Work package 0239
SYN-0240,2026-03-16,CloudBase Partners,Engineer,21,165,3465,INV-SYN-0240,Work package 0240
